{
    "arrays": {
        "gd13_adjacencies_natoms=11": {
            "check": "2024-01-27 22:43:29.799997",
            "dtype": "|b1",
            "shape": [
                153173,
                11,
                11
            ]
        },
        "gd13_adjacencies_natoms=12": {
            "check": "2024-01-27 22:44:59.741507",
            "dtype": "|b1",
            "shape": [
                807794,
                12,
                12
            ]
        },
        "gd13_adjacencies_natoms=10": {
            "check": "2024-01-27 22:48:23.934275",
            "dtype": "|b1",
            "shape": [
                30676,
                10,
                10
            ]
        },
        "gd13_adjacencies_natoms=13": {
            "check": "2024-01-27 22:56:14.889782",
            "dtype": "|b1",
            "shape": [
                4428399,
                13,
                13
            ]
        }
    },
    "hashes": {
        "9c502aaa44732a2a": "gd13_adjacencies_natoms=11",
        "86bdefc3231bbd1e": "gd13_adjacencies_natoms=12",
        "7cd6508b2f379481": "gd13_adjacencies_natoms=10",
        "055eb84376540299": "gd13_adjacencies_natoms=13"
    }
}